[
    {
        "title": "simple",
        "season": ""
    },
    {
        "title": "Kawaii dake ja Nai Shikimori-san",
        "season": ""
    },
    {
        "title": "Kakkou no Iinazuke",
        "season": ""
    },
    {
        "title": "SPYxFAMILY",
        "season": ""
    },
    {
        "title": "Love Live！虹咲学园 学园偶像同好会",
        "season": "S02"
    },
    {
        "title": "CUE!",
        "season": ""
    },
    {
        "title": "Kaguya-sama wa Kokurasetai",
        "season": "S03"
    },
    {
        "title": "Shokei Shoujo no Virgin Road",
        "season": ""
    },
    {
        "title": "Kakkou no Iikagen",
        "season": ""
    },
    {
        "title": "Summer Time Rendering",
        "season": ""
    },
    {
        "title": "Paripi Koumei",
        "season": ""
    },
    {
        "title": "Tate no Yuusha no Nariagari",
        "season": "S02"
    },
    {
        "title": "Shijou Saikyou no Daimaou",
        "season": ""
    },
    {
        "title": "Yuusha, Yamemasu",
        "season": ""
    }
]